"FullName","Length","LastWriteTime"
"C:\Users\argau\Desktop\MaisonMelina\.htaccess","6127","26/08/2025 10:49:50"
"C:\Users\argau\Desktop\MaisonMelina\404.html","5640","26/08/2025 10:49:50"
"C:\Users\argau\Desktop\MaisonMelina\arborescence.txt","12024","20/09/2025 22:44:30"
"C:\Users\argau\Desktop\MaisonMelina\favicon.ico","22760","12/08/2025 10:50:38"
"C:\Users\argau\Desktop\MaisonMelina\google20bab45e773c66bb.html","264","26/08/2025 10:49:50"
"C:\Users\argau\Desktop\MaisonMelina\google2cb94ce8fb391fb8.html","264","26/08/2025 10:49:50"
"C:\Users\argau\Desktop\MaisonMelina\index.html","14665","26/08/2025 10:49:50"
"C:\Users\argau\Desktop\MaisonMelina\maison-melina-interview.mp4","113632379","12/08/2025 10:50:38"
"C:\Users\argau\Desktop\MaisonMelina\robots.txt","73","26/08/2025 10:49:50"
"C:\Users\argau\Desktop\MaisonMelina\sitemap.xml","1762","27/08/2025 18:37:54"
"C:\Users\argau\Desktop\MaisonMelina\site_listing.csv","0","20/09/2025 22:49:30"
"C:\Users\argau\Desktop\MaisonMelina\tl7-melina.mp4","36919237","12/08/2025 10:50:38"
"C:\Users\argau\Desktop\MaisonMelina\video-melina.mp4","35317053","12/08/2025 10:50:39"
"C:\Users\argau\Desktop\MaisonMelina\benefices-economiques\index.html","17057","26/08/2025 10:49:50"
"C:\Users\argau\Desktop\MaisonMelina\concept\index.html","20545","26/08/2025 10:49:50"
"C:\Users\argau\Desktop\MaisonMelina\contact\index.html","19969","26/08/2025 10:49:50"
"C:\Users\argau\Desktop\MaisonMelina\creer-votre-maison\index.html","16890","26/08/2025 10:49:50"
"C:\Users\argau\Desktop\MaisonMelina\img\creer\creer1.png","43442","12/08/2025 10:50:39"
"C:\Users\argau\Desktop\MaisonMelina\img\creer\creer2.png","44406","12/08/2025 10:50:39"
"C:\Users\argau\Desktop\MaisonMelina\img\creer\creer3.png","39987","12/08/2025 10:50:39"
"C:\Users\argau\Desktop\MaisonMelina\img\creer\creer4.png","37026","12/08/2025 10:50:39"
"C:\Users\argau\Desktop\MaisonMelina\img\divers\clocher.jpg","199360","12/08/2025 10:50:39"
"C:\Users\argau\Desktop\MaisonMelina\img\divers\clocher.webp","31292","12/08/2025 10:50:39"
"C:\Users\argau\Desktop\MaisonMelina\img\divers\clocher1.jpg","122950","12/08/2025 10:50:39"
"C:\Users\argau\Desktop\MaisonMelina\img\divers\clocher1.webp","19758","12/08/2025 10:50:39"
"C:\Users\argau\Desktop\MaisonMelina\img\divers\graph1.png","22187","12/08/2025 10:50:39"
"C:\Users\argau\Desktop\MaisonMelina\img\divers\graph2.png","78689","12/08/2025 10:50:39"
"C:\Users\argau\Desktop\MaisonMelina\img\divers\graph3.png","67342","12/08/2025 10:50:39"
"C:\Users\argau\Desktop\MaisonMelina\img\divers\logo.jpg","28105","12/08/2025 10:50:39"
"C:\Users\argau\Desktop\MaisonMelina\img\divers\logo.webp","4010","12/08/2025 10:50:39"
"C:\Users\argau\Desktop\MaisonMelina\img\divers\video-vignette-interview.jpg","98053","12/08/2025 10:50:39"
"C:\Users\argau\Desktop\MaisonMelina\img\divers\video-vignette-tl7.jpg","59392","12/08/2025 10:50:39"
"C:\Users\argau\Desktop\MaisonMelina\img\divers\video-vignette1.jpg","524288","12/08/2025 10:50:39"
"C:\Users\argau\Desktop\MaisonMelina\img\histoire\hist-creation.jpg","43925","12/08/2025 10:50:39"
"C:\Users\argau\Desktop\MaisonMelina\img\histoire\hist-creation.webp","24004","12/08/2025 10:50:39"
"C:\Users\argau\Desktop\MaisonMelina\img\histoire\hist-didier-18.jpg","166482","12/08/2025 10:50:39"
"C:\Users\argau\Desktop\MaisonMelina\img\histoire\hist-feurs.jpg","166120","12/08/2025 10:50:39"
"C:\Users\argau\Desktop\MaisonMelina\img\histoire\hist-feurs.webp","93880","12/08/2025 10:50:39"
"C:\Users\argau\Desktop\MaisonMelina\img\histoire\hist-fonciere.jpg","125403","12/08/2025 10:50:39"
"C:\Users\argau\Desktop\MaisonMelina\img\histoire\hist-melina.jpg","42610","12/08/2025 10:50:39"
"C:\Users\argau\Desktop\MaisonMelina\img\histoire\hist-melina.webp","32038","12/08/2025 10:50:39"
"C:\Users\argau\Desktop\MaisonMelina\img\histoire\hist-saint-chamond.jpg","262300","12/08/2025 10:50:39"
"C:\Users\argau\Desktop\MaisonMelina\img\histoire\hist-saint-didier-en-velay.jpg","1114852","12/08/2025 10:50:39"
"C:\Users\argau\Desktop\MaisonMelina\img\histoire\hist-saint-didier-en-velay.webp","695400","12/08/2025 10:50:39"
"C:\Users\argau\Desktop\MaisonMelina\img\histoire\hist-saint-just-saint-rambert.jpg","153551","12/08/2025 10:50:39"
"C:\Users\argau\Desktop\MaisonMelina\img\histoire\hist-saint-just-saint-rambert.webp","103154","12/08/2025 10:50:39"
"C:\Users\argau\Desktop\MaisonMelina\img\histoire\hist-thierry-sabot copy.jpg","9088","12/08/2025 10:50:39"
"C:\Users\argau\Desktop\MaisonMelina\img\histoire\hist-thierry-sabot.jpg","93848","12/08/2025 10:50:39"
"C:\Users\argau\Desktop\MaisonMelina\img\histoire\hist-thierry-sabot2.jpg","258804","12/08/2025 10:50:39"
"C:\Users\argau\Desktop\MaisonMelina\img\histoire\hist-thierry-sabot2.webp","63084","12/08/2025 10:50:39"
"C:\Users\argau\Desktop\MaisonMelina\img\icons\autonomie.png","11641","12/08/2025 10:50:39"
"C:\Users\argau\Desktop\MaisonMelina\img\icons\autonomie.webp","7260","12/08/2025 10:50:39"
"C:\Users\argau\Desktop\MaisonMelina\img\icons\eco.png","28859","12/08/2025 10:50:39"
"C:\Users\argau\Desktop\MaisonMelina\img\icons\facebook.svg","396","12/08/2025 10:50:39"
"C:\Users\argau\Desktop\MaisonMelina\img\icons\instagram.svg","1153","12/08/2025 10:50:39"
"C:\Users\argau\Desktop\MaisonMelina\img\icons\intendance.png","13845","12/08/2025 10:50:39"
"C:\Users\argau\Desktop\MaisonMelina\img\icons\liberte.png","14286","12/08/2025 10:50:39"
"C:\Users\argau\Desktop\MaisonMelina\img\icons\liberte.webp","6770","12/08/2025 10:50:39"
"C:\Users\argau\Desktop\MaisonMelina\img\icons\linkedin.svg","655","12/08/2025 10:50:39"
"C:\Users\argau\Desktop\MaisonMelina\img\icons\securite.png","15977","12/08/2025 10:50:39"
"C:\Users\argau\Desktop\MaisonMelina\img\icons\securite.webp","8298","12/08/2025 10:50:39"
"C:\Users\argau\Desktop\MaisonMelina\img\icons\situation.png","14113","12/08/2025 10:50:39"
"C:\Users\argau\Desktop\MaisonMelina\img\icons\situation.webp","7062","12/08/2025 10:50:39"
"C:\Users\argau\Desktop\MaisonMelina\img\icons\social.png","11979","12/08/2025 10:50:39"
"C:\Users\argau\Desktop\MaisonMelina\img\icons\social.webp","7774","12/08/2025 10:50:39"
"C:\Users\argau\Desktop\MaisonMelina\img\maisons\a-maison-saint-didier-en-velay.jpg","156454","12/08/2025 10:50:39"
"C:\Users\argau\Desktop\MaisonMelina\img\maisons\chateauroux-ascenceur.jpg","347928","12/08/2025 10:50:39"
"C:\Users\argau\Desktop\MaisonMelina\img\maisons\chateauroux-chambre-1.jpg","275483","12/08/2025 10:50:39"
"C:\Users\argau\Desktop\MaisonMelina\img\maisons\chateauroux-chambre-2.jpg","262760","12/08/2025 10:50:39"
"C:\Users\argau\Desktop\MaisonMelina\img\maisons\chateauroux-chambre-3.jpg","334422","12/08/2025 10:50:39"
"C:\Users\argau\Desktop\MaisonMelina\img\maisons\chateauroux-cuisine.jpg","396188","12/08/2025 10:50:39"
"C:\Users\argau\Desktop\MaisonMelina\img\maisons\chateauroux-salle-a-manger.jpg","325251","12/08/2025 10:50:39"
"C:\Users\argau\Desktop\MaisonMelina\img\maisons\chateauroux-salon-1.jpg","276031","12/08/2025 10:50:39"
"C:\Users\argau\Desktop\MaisonMelina\img\maisons\chateauroux-salon-2.jpg","397606","12/08/2025 10:50:39"
"C:\Users\argau\Desktop\MaisonMelina\img\maisons\chateauroux-sdb.jpg","510840","12/08/2025 10:50:39"
"C:\Users\argau\Desktop\MaisonMelina\img\maisons\didier-chambre.jpg","294726","12/08/2025 10:50:39"
"C:\Users\argau\Desktop\MaisonMelina\img\maisons\didier-cuisine.jpg","226980","12/08/2025 10:50:39"
"C:\Users\argau\Desktop\MaisonMelina\img\maisons\didier-fenetre.jpg","279495","12/08/2025 10:50:39"
"C:\Users\argau\Desktop\MaisonMelina\img\maisons\didier-maison-2.jpg","351837","12/08/2025 10:50:39"
"C:\Users\argau\Desktop\MaisonMelina\img\maisons\didier-maison.jpg","1572864","12/08/2025 10:50:39"
"C:\Users\argau\Desktop\MaisonMelina\img\maisons\didier-plaque.jpg","155247","12/08/2025 10:50:39"
"C:\Users\argau\Desktop\MaisonMelina\img\maisons\didier-salon-2.jpg","358269","12/08/2025 10:50:39"
"C:\Users\argau\Desktop\MaisonMelina\img\maisons\didier-salon.jpg","353620","12/08/2025 10:50:39"
"C:\Users\argau\Desktop\MaisonMelina\img\maisons\didier-sdb.jpg","128912","12/08/2025 10:50:39"
"C:\Users\argau\Desktop\MaisonMelina\img\maisons\didier-stair.jpg","429960","12/08/2025 10:50:39"
"C:\Users\argau\Desktop\MaisonMelina\img\maisons\didier-vue.jpg","344091","12/08/2025 10:50:39"
"C:\Users\argau\Desktop\MaisonMelina\img\maisons\feurs-chambre1.jpg","177532","12/08/2025 10:50:39"
"C:\Users\argau\Desktop\MaisonMelina\img\maisons\feurs-chambre2.jpg","237716","12/08/2025 10:50:39"
"C:\Users\argau\Desktop\MaisonMelina\img\maisons\feurs-chambre3.jpg","272964","12/08/2025 10:50:39"
"C:\Users\argau\Desktop\MaisonMelina\img\maisons\feurs-cuisine.jpg","247511","12/08/2025 10:50:39"
"C:\Users\argau\Desktop\MaisonMelina\img\maisons\feurs-ext.jpg","239642","12/08/2025 10:50:39"
"C:\Users\argau\Desktop\MaisonMelina\img\maisons\feurs-salon.jpg","237561","12/08/2025 10:50:39"
"C:\Users\argau\Desktop\MaisonMelina\img\maisons\maison-chateauroux.jpg","326113","12/08/2025 10:50:39"
"C:\Users\argau\Desktop\MaisonMelina\img\maisons\maison-feurs.jpg","957382","12/08/2025 10:50:39"
"C:\Users\argau\Desktop\MaisonMelina\img\maisons\maison-feurs.webp","208352","12/08/2025 10:50:39"
"C:\Users\argau\Desktop\MaisonMelina\img\maisons\maison-saint-chamond-chambre-1.jpg","184609","12/08/2025 10:50:39"
"C:\Users\argau\Desktop\MaisonMelina\img\maisons\maison-saint-chamond-chambre-2.jpg","242010","12/08/2025 10:50:39"
"C:\Users\argau\Desktop\MaisonMelina\img\maisons\maison-saint-chamond-chambre-3.jpg","240326","12/08/2025 10:50:39"
"C:\Users\argau\Desktop\MaisonMelina\img\maisons\maison-saint-chamond-cuisine.jpg","231202","12/08/2025 10:50:39"
"C:\Users\argau\Desktop\MaisonMelina\img\maisons\maison-saint-chamond-salon-1.jpg","238865","12/08/2025 10:50:39"
"C:\Users\argau\Desktop\MaisonMelina\img\maisons\maison-saint-chamond-salon-2.jpg","248905","12/08/2025 10:50:39"
"C:\Users\argau\Desktop\MaisonMelina\img\maisons\maison-saint-chamond-salon-3.jpg","285131","12/08/2025 10:50:39"
"C:\Users\argau\Desktop\MaisonMelina\img\maisons\maison-saint-chamond-sdb.jpg","197964","12/08/2025 10:50:39"
"C:\Users\argau\Desktop\MaisonMelina\img\maisons\maison-saint-chamond.jpg","376227","12/08/2025 10:50:39"
"C:\Users\argau\Desktop\MaisonMelina\img\maisons\maison-saint-chamond.webp","69978","12/08/2025 10:50:39"
"C:\Users\argau\Desktop\MaisonMelina\img\maisons\saint-just-saint-rambert-chambre-1.jpg","279035","12/08/2025 10:50:39"
"C:\Users\argau\Desktop\MaisonMelina\img\maisons\saint-just-saint-rambert-chambre-2.jpg","241713","12/08/2025 10:50:39"
"C:\Users\argau\Desktop\MaisonMelina\img\maisons\saint-just-saint-rambert-chambre-3.jpg","227143","12/08/2025 10:50:39"
"C:\Users\argau\Desktop\MaisonMelina\img\maisons\saint-just-saint-rambert-chambre-4.jpg","230984","12/08/2025 10:50:39"
"C:\Users\argau\Desktop\MaisonMelina\img\maisons\saint-just-saint-rambert-cuisine.jpg","202210","12/08/2025 10:50:39"
"C:\Users\argau\Desktop\MaisonMelina\img\maisons\saint-just-saint-rambert-entree.jpg","247208","12/08/2025 10:50:39"
"C:\Users\argau\Desktop\MaisonMelina\img\maisons\saint-just-saint-rambert-ext-1.jpg","205947","12/08/2025 10:50:39"
"C:\Users\argau\Desktop\MaisonMelina\img\maisons\saint-just-saint-rambert-ext-2.jpg","239409","12/08/2025 10:50:39"
"C:\Users\argau\Desktop\MaisonMelina\img\maisons\saint-just-saint-rambert-sdb-1.jpg","274395","12/08/2025 10:50:39"
"C:\Users\argau\Desktop\MaisonMelina\img\maisons\saint-just-saint-rambert-sdb-2.jpg","273210","12/08/2025 10:50:39"
"C:\Users\argau\Desktop\MaisonMelina\img\maisons\saint-just-saint-rambert-sdb-3.jpg","148056","12/08/2025 10:50:39"
"C:\Users\argau\Desktop\MaisonMelina\img\maisons\saint-just-saint-rambert-tomate.jpg","249140","12/08/2025 10:50:39"
"C:\Users\argau\Desktop\MaisonMelina\img\maisons\saint-just-saint-rambert-veranda.jpg","208453","12/08/2025 10:50:39"
"C:\Users\argau\Desktop\MaisonMelina\img\maisons\saint-just-saint-rambert.jpg","153551","12/08/2025 10:50:39"
"C:\Users\argau\Desktop\MaisonMelina\img\plan\plan-feurs.jpg","85706","12/08/2025 10:50:39"
"C:\Users\argau\Desktop\MaisonMelina\img\plan\plan-saint-rambert.jpg","172049","12/08/2025 10:50:39"
"C:\Users\argau\Desktop\MaisonMelina\img\plan\plan-st-chamond.jpg","142526","12/08/2025 10:50:39"
"C:\Users\argau\Desktop\MaisonMelina\img\presse\actuforez-thumb.jpg","91516","12/08/2025 10:50:39"
"C:\Users\argau\Desktop\MaisonMelina\img\presse\actuforez-thumb.webp","15840","12/08/2025 10:50:39"
"C:\Users\argau\Desktop\MaisonMelina\img\presse\actuforez.jpg","568173","12/08/2025 10:50:39"
"C:\Users\argau\Desktop\MaisonMelina\img\presse\actuforez2410-thumb.jpg","123789","12/08/2025 10:50:39"
"C:\Users\argau\Desktop\MaisonMelina\img\presse\actuforez2410.jpg","613130","12/08/2025 10:50:39"
"C:\Users\argau\Desktop\MaisonMelina\img\presse\actuforezsud-thumb.jpg","82037","12/08/2025 10:50:39"
"C:\Users\argau\Desktop\MaisonMelina\img\presse\actuforezsud.jpg","422734","12/08/2025 10:50:39"
"C:\Users\argau\Desktop\MaisonMelina\img\presse\actuforezsud2212-thumb.jpg","122631","12/08/2025 10:50:39"
"C:\Users\argau\Desktop\MaisonMelina\img\presse\actuforezsud2212.jpg","629507","12/08/2025 10:50:39"
"C:\Users\argau\Desktop\MaisonMelina\img\presse\actuforezsud2312-thumb.jpg","83141","12/08/2025 10:50:39"
"C:\Users\argau\Desktop\MaisonMelina\img\presse\actuforezsud2312.jpg","493447","12/08/2025 10:50:40"
"C:\Users\argau\Desktop\MaisonMelina\img\presse\actugier-thumb.jpg","100928","12/08/2025 10:50:40"
"C:\Users\argau\Desktop\MaisonMelina\img\presse\actugier.jpg","400949","12/08/2025 10:50:40"
"C:\Users\argau\Desktop\MaisonMelina\img\presse\maison-melina-25-07-09-chateauroux -thumb.jpg","61417","27/08/2025 12:12:45"
"C:\Users\argau\Desktop\MaisonMelina\img\presse\maison-melina-25-07-09-chateauroux.jpg","381878","27/08/2025 12:19:44"
"C:\Users\argau\Desktop\MaisonMelina\img\presse\maison-melina-26-05-25-thumb.jpg","83321","12/08/2025 10:50:40"
"C:\Users\argau\Desktop\MaisonMelina\img\presse\maison-melina-26-05-25.jpg","771503","12/08/2025 10:50:40"
"C:\Users\argau\Desktop\MaisonMelina\img\presse\petitforezien-thumb.jpg","93107","12/08/2025 10:50:40"
"C:\Users\argau\Desktop\MaisonMelina\img\presse\petitforezien.jpg","365885","12/08/2025 10:50:40"
"C:\Users\argau\Desktop\MaisonMelina\mentions-legales\index.html","25791","26/08/2025 10:49:50"
"C:\Users\argau\Desktop\MaisonMelina\nos-maisons\index.html","20934","26/08/2025 10:49:50"
"C:\Users\argau\Desktop\MaisonMelina\nos-maisons\chateauroux\index.html","24809","26/08/2025 10:49:50"
"C:\Users\argau\Desktop\MaisonMelina\nos-maisons\feurs\index.html","23954","26/08/2025 10:49:50"
"C:\Users\argau\Desktop\MaisonMelina\nos-maisons\saint-chamond\index.html","24514","26/08/2025 10:49:51"
"C:\Users\argau\Desktop\MaisonMelina\nos-maisons\saint-didier-en-velay\index.html","25170","26/08/2025 10:49:51"
"C:\Users\argau\Desktop\MaisonMelina\nos-maisons\saint-just-saint-rambert\index.html","26067","26/08/2025 10:49:51"
"C:\Users\argau\Desktop\MaisonMelina\presse\index.html","27839","27/08/2025 12:23:48"
"C:\Users\argau\Desktop\MaisonMelina\presse\index.html.old","27839","27/08/2025 12:23:48"
"C:\Users\argau\Desktop\MaisonMelina\qui-sommes-nous\index.html","18927","26/08/2025 10:49:51"
"C:\Users\argau\Desktop\MaisonMelina\_astro\benefices-economiques.DA2vvG5t.css","11034","12/08/2025 10:50:40"
"C:\Users\argau\Desktop\MaisonMelina\_astro\benefices-economiques.k-YRQPIR.css","9453","12/08/2025 10:50:40"
"C:\Users\argau\Desktop\MaisonMelina\_astro\concept.BNbfHU3S.css","6557","12/08/2025 10:50:40"
"C:\Users\argau\Desktop\MaisonMelina\_astro\contact.CiqvqIx2.css","4296","12/08/2025 10:50:40"
"C:\Users\argau\Desktop\MaisonMelina\_astro\creer-votre-maison.i2vjZYRI.css","5162","12/08/2025 10:50:40"
"C:\Users\argau\Desktop\MaisonMelina\_astro\index.BVHY39ld.css","5425","12/08/2025 10:50:40"
"C:\Users\argau\Desktop\MaisonMelina\_astro\presse.Cy5kfKxN.css","4660","12/08/2025 10:50:40"
"C:\Users\argau\Desktop\MaisonMelina\_astro\qui-sommes-nous.Bv5GWOT1.css","4811","12/08/2025 10:50:40"
"C:\Users\argau\Desktop\MaisonMelina\_astro\_id_.BtaPD8ci.css","8970","12/08/2025 10:50:40"
